pc4;woz;urb
1011;509;1
1012;480;1
1013;471;1
1014;731;1
1015;532;1
1016;606;1
1017;734;1
1018;494;1
1019;531;1
1021;333;1
1022;321;1
1023;421;1
1024;329;1
1025;333;1
1026;794;5
1027;774;5
1028;828;5
1031;379;1
1032;369;1
1033;298;2
1034;339;1
1035;414;2
1036;566;1
1037;-99997;5
1041;733;5
1042;207;5
1043;191;2
1046;468;5
1047;-99997;5
1051;410;1
1052;433;1
1053;422;1
1054;570;1
1055;344;1
1056;396;1
1057;397;1
1058;479;1
1059;380;1
1060;461;1
1061;363;1
1062;293;1
1063;285;1
1064;302;1
1065;320;1
1066;435;1
1067;349;1
1068;293;1
1069;315;1
1071;1013;1
1072;446;1
1073;444;1
1074;465;1
1075;744;1
1076;491;1
1077;1183;1
1078;551;1
1079;459;1
1081;548;1
1082;492;1
1083;373;1
1086;528;3
1087;536;2
1091;441;1
1092;457;1
1093;424;1
1094;387;1
1095;375;1
1096;428;1
1097;398;1
1098;499;1
1101;-99997;3
1102;214;1
1103;298;1
1104;269;1
1105;-99997;2
1106;274;2
1107;275;2
1108;264;2
1109;401;5
1111;384;1
1112;335;1
1113;425;3
1114;510;3
1115;408;2
1117;-99997;5
1118;-99997;5
1119;-99997;5
1121;467;3
1127;731;5
1131;307;2
1132;376;3
1135;373;3
1141;367;4
1145;656;5
1151;591;5
1153;749;5
1154;660;5
1156;281;5
1161;353;3
1165;397;4
1171;464;2
1175;440;4
1181;573;1
1182;636;2
1183;422;1
1184;902;4
1185;395;1
1186;386;2
1187;506;2
1188;405;2
1189;484;5
1191;578;4
1211;304;1
1212;254;2
1213;727;2
1214;365;1
1215;398;1
1216;324;2
1217;754;2
1218;401;4
1221;307;1
1222;324;2
1223;371;1
1231;523;4
1241;424;4
1243;462;4
1244;474;5
1251;793;3
1252;732;4
1261;749;3
1262;687;3
1271;400;2
1272;760;3
1273;311;2
1274;290;2
1275;301;1
1276;306;2
1277;458;2
1309;312;5
1311;295;2
1312;317;2
1313;283;3
1314;225;2
1315;234;2
1316;348;3
1317;251;3
1318;300;2
1319;458;4
1321;340;2
1323;289;2
1324;256;2
1325;308;2
1326;318;2
1328;325;2
1331;467;5
1332;432;5
1333;268;2
1334;202;2
1335;295;2
1336;339;3
1338;277;2
1339;297;2
1341;389;5
1343;618;5
1349;500;5
1351;306;3
1352;274;2
1353;220;2
1354;234;2
1355;260;2
1356;283;3
1357;270;3
1358;1131;5
1359;461;4
1361;447;3
1362;-99997;3
1363;359;2
1381;462;2
1382;350;2
1383;382;3
1384;615;2
1391;602;4
1393;525;5
1394;467;5
1396;562;5
1398;495;4
1399;483;5
1401;596;1
1402;445;1
1403;321;2
1404;384;1
1405;910;2
1406;677;2
1411;525;4
1412;614;2
1421;339;2
1422;351;2
1423;401;3
1424;400;4
1426;501;5
1427;402;4
1428;391;5
1431;401;3
1432;502;4
1433;392;4
1435;372;5
1436;342;4
1437;456;5
1438;300;5
1441;301;1
1442;262;1
1443;260;1
1444;276;2
1445;273;2
1446;303;3
1447;354;2
1448;385;2
1451;647;5
1452;407;5
1454;575;5
1456;466;5
1458;569;5
1461;520;3
1462;411;4
1463;588;5
1464;569;5
1471;496;5
1472;494;5
1473;537;5
1474;352;5
1475;407;5
1476;470;5
1477;482;5
1481;443;5
1482;558;5
1483;352;4
1484;416;5
1485;721;5
1486;390;5
1487;295;5
1488;528;5
1489;565;5
1501;266;1
1502;273;1
1503;271;1
1504;254;2
1505;273;2
1506;325;1
1507;346;2
1508;252;2
1509;329;4
1511;411;3
1521;264;2
1525;361;5
1531;323;2
1534;422;5
1536;452;5
1541;325;2
1544;308;3
1546;457;5
1551;408;5
1561;276;2
1562;348;2
1566;366;4
1567;406;2
1601;284;3
1602;257;3
1606;317;5
1607;335;5
1608;410;5
1609;393;5
1611;292;3
1613;291;3
1614;315;4
1616;316;4
1617;336;5
1619;300;5
1621;327;2
1622;237;3
1623;346;2
1624;303;2
1625;273;2
1627;-99997;4
1628;268;2
1631;363;5
1633;327;4
1634;301;5
1636;306;5
1641;287;5
1642;407;5
1643;465;5
1645;327;5
1646;466;5
1647;357;5
1648;318;4
1652;404;5
1654;396;5
1655;337;5
1657;314;5
1658;416;5
1661;365;5
1662;339;5
1663;371;5
1671;285;3
1674;328;5
1676;349;5
1678;365;5
1679;304;5
1681;390;5
1682;441;5
1683;388;5
1684;343;5
1685;380;4
1686;392;5
1687;382;4
1688;340;5
1689;296;3
1691;404;5
1692;421;5
1693;331;4
1695;356;2
1696;386;5
1697;422;5
1701;295;3
1702;272;2
1703;253;2
1704;378;4
1705;315;2
1706;363;4
1711;371;5
1713;319;4
1715;327;4
1716;292;4
1718;316;5
1719;395;5
1721;363;4
1722;352;3
1723;286;3
1724;328;4
1731;313;5
1732;380;5
1733;318;5
1734;444;5
1735;323;5
1736;410;5
1738;334;5
1741;301;2
1742;296;4
1744;353;5
1746;321;5
1747;315;5
1749;337;4
1751;317;5
1752;333;5
1753;317;5
1754;338;5
1755;318;5
1756;281;5
1757;285;5
1759;314;5
1761;275;4
1764;303;5
1766;293;5
1767;285;5
1768;397;5
1769;494;5
1771;268;4
1773;186;5
1774;320;5
1775;290;5
1777;253;4
1778;309;5
1779;246;5
1781;147;2
1782;159;2
1783;175;3
1784;166;2
1785;181;3
1786;302;5
1787;310;4
1788;234;3
1789;369;5
1791;308;4
1792;333;5
1793;372;5
1794;335;5
1795;358;5
1796;375;5
1797;334;5
1811;280;1
1812;311;4
1813;243;1
1814;272;1
1815;335;1
1816;248;2
1817;338;2
1821;278;1
1822;398;2
1823;302;1
1824;253;2
1825;226;2
1826;246;2
1827;267;2
1829;334;3
1831;289;3
1832;394;5
1834;363;3
1841;340;5
1842;446;5
1843;424;5
1844;464;5
1846;419;5
1847;492;5
1851;428;3
1852;404;3
1853;505;2
1861;667;3
1862;458;3
1865;744;5
1871;495;5
1873;395;5
1901;405;2
1902;383;2
1906;447;4
1911;361;3
1921;385;4
1931;344;3
1934;390;5
1935;356;5
1941;218;1
1942;378;1
1943;324;1
1944;273;1
1945;258;1
1946;231;1
1947;257;1
1948;423;2
1949;281;5
1951;233;3
1961;336;1
1962;283;2
1963;342;2
1964;332;1
1965;413;1
1966;243;1
1967;440;3
1968;601;5
1969;492;3
1971;284;2
1972;242;1
1973;237;1
1974;259;2
1975;243;2
1976;368;3
1981;517;4
1985;541;4
1991;398;2
1992;449;3
2011;455;1
2012;641;1
2013;474;1
2014;466;1
2015;544;2
2019;521;1
2021;371;1
2022;402;1
2023;575;1
2024;457;1
2025;341;1
2026;392;2
2031;516;2
2032;353;1
2033;347;1
2034;279;1
2035;322;1
2036;297;1
2037;264;1
2041;332;2
2042;462;2
2051;873;2
2061;908;3
2063;464;5
2064;480;5
2065;635;5
2071;472;2
2082;673;3
2101;575;2
2102;768;2
2103;531;3
2104;460;4
2105;486;3
2106;762;2
2111;1262;4
2114;464;5
2116;798;5
2121;515;4
2131;402;2
2132;336;2
2133;354;2
2134;398;2
2135;406;2
2136;506;4
2141;480;4
2142;509;4
2143;319;5
2144;379;3
2151;383;2
2152;402;2
2153;349;4
2154;413;5
2155;520;5
2156;389;5
2157;370;5
2158;366;5
2159;545;5
2161;368;2
2162;340;3
2163;349;2
2165;384;3
2171;378;2
2172;361;2
2181;348;2
2182;347;3
2191;383;5
2201;397;2
2202;570;2
2203;382;2
2204;715;5
2211;370;3
2212;673;4
2215;408;3
2216;399;3
2221;320;2
2222;413;2
2223;360;2
2224;353;1
2225;360;2
2231;386;2
2232;489;3
2235;419;3
2241;405;2
2242;613;2
2243;1448;5
2244;1286;5
2245;593;5
2251;433;2
2252;466;2
2253;376;2
2254;546;3
2261;389;2
2262;195;1
2263;227;2
2264;362;1
2265;388;2
2266;340;3
2267;784;3
2271;498;2
2272;392;1
2273;246;1
2274;293;1
2275;495;1
2281;437;1
2282;279;1
2283;255;1
2284;212;1
2285;305;1
2286;350;1
2287;227;1
2288;387;2
2289;406;3
2291;357;2
2292;409;2
2295;394;4
2311;436;1
2312;338;1
2313;433;1
2314;442;1
2315;273;1
2316;340;1
2317;330;1
2318;410;2
2321;265;1
2322;347;4
2323;832;3
2324;270;1
2331;353;2
2332;310;1
2333;348;2
2334;561;2
2341;553;2
2342;628;3
2343;429;2
2351;459;2
2352;312;1
2353;363;2
2355;390;5
2361;506;4
2362;496;5
2371;379;3
2374;438;5
2375;387;5
2376;416;5
2377;324;4
2381;398;4
2382;412;3
2391;376;4
2394;322;4
2396;349;4
2401;294;2
2402;250;1
2403;261;2
2404;240;2
2405;282;1
2406;314;1
2407;469;5
2408;373;2
2409;643;5
2411;327;2
2412;425;4
2415;410;5
2421;381;4
2431;421;5
2432;484;5
2435;351;5
2441;366;5
2445;449;5
2451;376;4
2461;378;5
2465;419;5
2471;439;5
2481;380;5
2491;665;3
2492;409;3
2493;449;3
2495;629;3
2496;418;2
2497;366;2
2498;492;3
2511;333;1
2512;230;1
2513;315;1
2514;528;1
2515;215;1
2516;195;1
2517;453;1
2518;352;1
2521;191;1
2522;199;1
2523;205;1
2524;226;1
2525;230;1
2526;211;1
2531;192;1
2532;178;1
2533;176;1
2541;167;1
2542;207;1
2543;189;1
2544;221;1
2545;230;1
2546;229;1
2547;213;1
2548;401;1
2551;247;1
2552;273;1
2553;383;2
2554;548;2
2555;289;1
2561;328;1
2562;245;1
2563;281;1
2564;378;1
2565;355;1
2566;629;1
2571;204;1
2572;236;1
2573;205;1
2574;215;1
2581;391;1
2582;612;1
2583;295;1
2584;356;1
2585;605;1
2586;345;1
2587;488;1
2591;230;1
2592;219;1
2593;321;1
2594;540;1
2595;338;1
2596;622;1
2597;570;2
2611;380;1
2612;311;1
2613;328;1
2614;345;1
2616;666;3
2622;283;2
2623;266;2
2624;211;1
2625;216;1
2626;853;3
2627;383;1
2628;249;1
2629;355;4
2631;447;2
2632;373;2
2635;423;2
2636;412;5
2641;376;3
2642;407;2
2643;396;2
2645;394;3
2651;394;3
2652;450;3
2661;418;3
2662;411;2
2665;392;4
2671;364;2
2672;409;2
2673;492;2
2675;378;4
2676;395;4
2678;378;3
2681;359;3
2684;259;3
2685;364;4
2691;381;2
2692;352;2
2693;418;3
2694;408;2
2711;221;1
2712;279;1
2713;243;1
2715;215;1
2716;260;1
2717;240;2
2718;307;2
2719;349;2
2721;396;2
2722;227;1
2723;265;2
2724;251;1
2725;323;2
2726;256;1
2727;272;1
2728;341;2
2729;363;2
2731;341;4
2735;449;5
2741;298;2
2742;340;2
2743;322;3
2751;373;4
2752;437;5
2761;381;4
2771;313;4
2801;275;1
2802;220;2
2803;289;2
2804;288;2
2805;283;1
2806;264;1
2807;285;2
2808;398;2
2809;451;4
2811;454;4
2821;380;5
2825;441;5
2831;290;4
2841;307;3
2851;371;5
2855;440;5
2861;374;4
2865;294;5
2871;293;3
2872;454;4
2901;348;2
2902;284;1
2903;236;1
2904;300;2
2905;222;2
2906;245;2
2907;243;2
2908;246;2
2909;372;3
2911;428;3
2912;324;2
2913;469;4
2914;300;2
2921;376;3
2922;276;2
2923;292;2
2924;347;2
2925;336;2
2926;385;2
2931;291;4
2935;327;5
2941;314;4
2951;258;2
2952;507;4
2953;249;3
2954;329;2
2957;280;4
2959;343;5
2961;277;4
2964;341;5
2965;290;5
2967;335;5
2968;416;5
2969;388;5
2971;344;5
2973;375;5
2974;383;5
2975;421;5
2977;401;5
2981;259;2
2982;238;2
2983;295;3
2984;360;2
2985;273;2
2986;294;2
2987;260;2
2988;391;5
2989;382;4
2991;353;2
2992;356;2
2993;388;2
2994;394;2
2995;331;4
3011;371;1
3012;332;1
3013;371;1
3014;273;1
3015;377;1
3016;512;1
3021;313;1
3022;285;1
3023;302;1
3024;280;1
3025;220;1
3026;212;1
3027;229;1
3028;169;1
3029;186;1
3031;272;1
3032;285;1
3033;304;1
3034;268;1
3035;267;1
3036;269;1
3037;328;1
3038;264;1
3039;331;1
3041;-99997;2
3042;236;2
3043;276;2
3044;373;3
3045;600;4
3046;526;5
3047;586;4
3051;353;1
3052;279;1
3053;319;2
3054;477;2
3055;606;2
3056;435;4
3059;480;3
3061;311;1
3062;586;1
3063;281;1
3064;252;2
3065;483;2
3066;296;1
3067;236;1
3068;245;1
3069;255;1
3071;298;1
3072;317;1
3073;179;1
3074;185;1
3075;217;1
3076;200;1
3077;230;2
3078;213;1
3079;211;1
3081;167;1
3082;183;1
3083;161;1
3084;230;2
3085;203;1
3086;203;1
3087;244;2
3088;243;5
3089;240;5
3111;273;1
3112;206;1
3113;346;1
3114;219;2
3115;-99997;4
3116;367;1
3117;217;1
3118;232;1
3119;210;1
3121;339;2
3122;197;1
3123;282;1
3124;368;2
3125;417;3
3131;210;1
3132;206;2
3133;248;2
3134;259;1
3135;280;1
3136;241;1
3137;280;2
3138;603;3
3141;226;2
3142;248;2
3143;263;2
3144;262;2
3145;278;2
3146;298;3
3147;500;2
3151;266;3
3155;418;4
3161;369;4
3162;390;3
3171;322;3
3172;382;4
3176;389;4
3181;230;3
3191;248;2
3192;226;2
3193;231;2
3194;247;2
3195;239;4
3199;-99997;5
3201;235;1
3202;194;2
3203;215;1
3204;200;1
3205;236;2
3206;199;2
3207;290;2
3208;223;2
3209;361;4
3211;263;5
3212;295;5
3214;311;4
3216;335;5
3218;269;5
3221;276;3
3222;253;3
3223;329;2
3224;239;2
3225;215;2
3227;376;5
3231;323;3
3232;288;3
3233;445;4
3234;447;5
3235;410;4
3237;354;5
3238;314;5
3241;280;3
3243;264;5
3244;277;5
3245;262;3
3247;287;4
3248;278;5
3249;241;5
3251;271;4
3252;353;5
3253;422;5
3255;260;4
3256;256;5
3257;240;5
3258;247;5
3261;336;3
3262;301;2
3263;300;3
3264;328;5
3265;272;5
3267;276;5
3271;399;5
3273;310;5
3274;307;5
3281;327;4
3284;304;5
3286;305;5
3291;282;4
3292;266;5
3293;245;5
3295;279;4
3297;289;4
3299;361;5
3311;263;1
3312;249;1
3313;189;3
3314;192;1
3315;274;2
3316;354;5
3317;184;1
3318;204;2
3319;362;2
3328;252;2
3329;504;4
3331;235;1
3332;263;1
3333;210;2
3334;255;2
3335;306;3
3336;318;3
3341;312;2
3342;322;3
3343;293;2
3344;390;2
3351;269;2
3352;279;2
3353;239;2
3354;261;2
3355;292;2
3356;338;4
3361;288;2
3362;231;2
3363;267;3
3364;355;3
3366;376;5
3371;292;3
3372;277;4
3373;329;4
3381;412;5
3401;360;2
3402;305;2
3403;400;3
3404;362;2
3405;413;5
3411;365;5
3412;398;5
3413;336;5
3415;420;5
3417;377;4
3421;348;4
3425;543;5
3431;253;1
3432;250;2
3433;309;3
3434;297;2
3435;291;2
3436;300;2
3437;323;2
3438;323;2
3439;216;4
3441;318;2
3442;297;2
3443;313;2
3444;604;4
3445;378;3
3446;435;3
3447;276;4
3448;310;2
3449;362;2
3451;490;3
3452;490;2
3453;423;2
3454;474;2
3455;682;5
3461;351;5
3464;495;5
3465;390;5
3466;405;5
3467;433;5
3471;392;5
3474;375;5
3481;382;4
3511;479;1
3512;500;1
3513;379;1
3514;484;1
3515;394;1
3521;409;1
3522;388;1
3523;331;1
3524;307;2
3525;367;1
3526;253;1
3527;258;1
3528;611;3
3531;354;1
3532;360;1
3533;454;1
3534;391;2
3541;424;2
3542;523;4
3543;441;2
3544;455;2
3545;579;4
3546;998;5
3551;337;1
3552;346;1
3553;335;1
3554;338;1
3555;335;2
3561;264;1
3562;211;1
3563;266;1
3564;255;1
3565;405;3
3566;770;2
3571;518;1
3572;495;1
3573;437;2
3581;561;1
3582;370;1
3583;663;1
3584;376;3
3585;674;4
3601;372;3
3602;501;3
3603;534;2
3604;485;3
3605;253;2
3606;199;3
3607;331;2
3608;310;3
3611;640;4
3612;425;5
3615;539;5
3621;392;4
3625;1239;5
3626;421;5
3628;396;5
3631;769;5
3632;525;4
3633;477;5
3634;463;5
3641;337;3
3642;354;3
3643;394;4
3645;477;4
3646;505;5
3648;407;4
3651;684;5
3652;448;5
3653;429;5
3701;408;2
3702;393;1
3703;428;2
3704;351;2
3705;388;2
3706;232;3
3707;707;2
3708;449;3
3709;412;5
3711;449;5
3712;531;4
3721;373;2
3722;481;3
3723;641;3
3731;438;2
3732;357;2
3734;515;4
3735;1208;5
3737;648;5
3738;367;4
3739;601;5
3741;377;2
3742;360;2
3743;567;2
3744;317;5
3749;718;5
3751;380;3
3752;361;3
3754;563;5
3755;444;4
3761;460;3
3762;347;2
3763;431;3
3764;357;3
3765;280;2
3766;380;2
3768;555;4
3769;342;4
3771;361;3
3772;331;3
3773;374;4
3774;442;5
3775;576;5
3776;420;5
3781;387;4
3784;482;5
3785;428;5
3791;436;5
3792;533;5
3794;450;5
3811;324;1
3812;307;2
3813;318;1
3814;286;1
3815;281;1
3816;307;1
3817;422;1
3818;596;2
3819;324;4
3821;239;3
3822;348;2
3823;352;2
3824;356;2
3825;432;2
3826;413;3
3828;406;2
3829;463;3
3831;369;2
3832;502;4
3833;361;3
3834;352;3
3835;580;5
3836;656;5
3841;302;2
3842;260;2
3843;269;2
3844;281;2
3845;364;3
3846;456;4
3847;439;4
3848;353;3
3849;454;5
3851;357;3
3852;438;4
3853;351;4
3861;352;3
3862;372;3
3863;381;3
3864;462;5
3871;418;4
3881;438;4
3882;389;4
3886;486;5
3888;455;5
3891;277;3
3892;305;4
3893;321;3
3894;351;4
3896;876;5
3897;848;5
3898;875;5
3899;331;5
3901;228;1
3902;295;2
3903;327;2
3904;334;2
3905;272;2
3906;360;3
3907;414;4
3911;358;3
3912;296;3
3921;360;4
3922;543;5
3925;347;4
3927;403;4
3931;395;4
3941;451;4
3945;388;5
3947;438;5
3951;455;5
3953;471;5
3956;398;4
3958;361;4
3959;529;5
3961;330;3
3962;357;3
3971;501;3
3972;386;3
3981;454;4
3984;414;4
3985;431;5
3989;378;5
3991;449;2
3992;409;2
3993;341;2
3994;441;2
3995;310;2
3997;488;5
3998;472;5
3999;480;5
4001;211;2
4002;331;2
4003;273;3
4004;531;5
4005;248;2
4006;201;3
4007;319;3
4011;410;5
4012;383;5
4013;414;5
4014;389;5
4016;441;5
4017;820;4
4021;345;5
4023;391;5
4024;397;5
4031;394;5
4032;451;5
4033;361;5
4041;323;4
4043;303;4
4051;299;5
4053;310;5
4054;334;5
4061;378;5
4062;501;5
4063;385;5
4064;365;5
4101;313;2
4102;247;2
4103;325;2
4104;351;4
4105;340;3
4106;362;4
4107;562;5
4111;397;5
4112;399;5
4115;460;5
4116;354;5
4117;448;5
4119;419;5
4121;400;5
4122;403;5
4124;454;5
4125;458;5
4126;395;5
4128;379;5
4131;241;3
4132;338;3
4133;336;4
4141;292;2
4142;264;3
4143;324;3
4145;372;5
4147;315;4
4151;416;5
4152;400;5
4153;366;5
4155;432;5
4156;453;5
4157;392;5
4158;395;5
4161;324;5
4163;443;5
4171;342;5
4174;373;5
4175;317;5
4176;393;5
4181;326;5
4182;496;5
4184;359;5
4185;418;5
4191;331;4
4194;365;4
4196;350;5
4197;390;5
4201;244;2
4202;260;4
4203;198;2
4204;170;2
4205;242;2
4206;253;2
4207;323;3
4208;388;4
4209;371;5
4211;353;5
4212;546;5
4213;355;4
4214;307;5
4221;380;5
4223;374;5
4225;398;5
4231;352;5
4233;313;5
4235;423;5
4241;307;5
4243;407;5
4245;426;5
4247;385;5
4251;301;4
4254;338;4
4255;296;5
4261;336;4
4264;315;5
4265;327;5
4266;317;5
4267;414;5
4268;316;5
4269;420;5
4271;332;5
4273;304;5
4281;321;5
4283;298;5
4284;316;5
4285;320;4
4286;340;5
4287;367;5
4288;427;5
4301;231;3
4302;324;4
4303;368;5
4305;296;5
4306;270;5
4307;252;5
4308;281;5
4311;284;5
4315;290;5
4316;280;5
4317;390;5
4318;234;5
4321;325;5
4322;294;5
4323;354;5
4325;359;5
4326;352;5
4327;302;5
4328;444;5
4331;235;1
4332;259;2
4333;281;3
4334;237;3
4335;203;2
4336;222;2
4337;212;2
4338;256;5
4339;225;5
4341;246;4
4351;337;5
4352;350;5
4353;307;5
4354;324;5
4356;416;5
4357;465;5
4361;254;5
4363;335;5
4364;317;5
4365;298;5
4371;314;5
4373;340;5
4374;328;5
4381;169;2
4382;195;1
4383;158;2
4384;237;3
4385;199;2
4386;282;3
4387;317;3
4388;184;2
4389;315;5
4401;248;4
4411;221;5
4413;221;4
4414;267;5
4415;281;5
4416;242;5
4417;194;5
4421;297;4
4423;256;5
4424;278;5
4431;249;5
4433;239;5
4434;269;5
4435;285;5
4436;290;5
4437;232;5
4438;288;5
4441;263;5
4443;316;5
4444;318;5
4451;286;4
4453;244;5
4454;229;5
4455;256;5
4456;260;5
4458;288;5
4461;229;2
4462;251;2
4463;226;3
4464;359;4
4465;722;5
4471;261;5
4472;317;5
4474;327;5
4475;331;5
4481;307;3
4482;-99997;5
4484;279;5
4485;258;5
4486;203;5
4491;223;5
4493;337;5
4494;215;5
4501;224;4
4503;284;5
4504;295;5
4505;266;5
4506;416;5
4507;217;5
4508;271;5
4511;250;4
4513;220;5
4515;257;5
4521;214;5
4522;407;5
4524;287;5
4525;513;5
4527;241;5
4528;360;5
4529;273;5
4531;146;3
4532;198;2
4533;374;4
4535;244;3
4536;169;3
4537;176;2
4538;234;4
4539;273;5
4541;164;5
4542;189;5
4543;224;5
4551;168;4
4553;233;5
4554;211;5
4561;242;4
4562;398;5
4564;242;4
4565;322;5
4566;324;5
4567;235;5
4568;241;5
4569;218;5
4571;199;4
4574;255;5
4575;311;5
4576;254;5
4581;231;5
4583;221;5
4584;251;5
4585;254;5
4586;236;5
4587;217;5
4588;249;5
4589;278;5
4611;249;1
4612;344;4
4613;266;2
4614;291;2
4615;236;1
4616;393;2
4617;330;3
4621;200;1
4622;339;2
4623;218;2
4624;227;2
4625;273;3
4631;284;4
4634;329;5
4635;339;5
4641;306;4
4645;264;4
4651;279;4
4652;342;3
4655;333;5
4661;320;4
4664;324;5
4671;269;4
4675;226;5
4681;272;5
4691;257;4
4693;232;5
4694;219;5
4695;200;5
4696;197;5
4697;215;4
4698;230;5
4701;231;1
4702;209;2
4703;196;2
4704;272;5
4705;358;4
4706;308;3
4707;236;2
4708;316;3
4709;366;5
4711;285;3
4714;336;4
4715;332;5
4721;368;5
4722;560;5
4724;311;4
4725;399;5
4726;339;5
4727;400;5
4731;259;3
4735;307;5
4741;362;4
4744;348;5
4751;323;4
4754;255;5
4756;350;5
4758;297;5
4759;323;5
4761;274;3
4762;356;4
4765;363;5
4766;-99997;5
4771;320;5
4772;338;5
4781;253;5
4782;255;5
4791;262;4
4793;273;4
4794;335;5
4796;379;5
4797;300;5
4811;280;1
4812;254;1
4813;337;2
4814;255;1
4815;326;2
4816;249;1
4817;275;2
4818;473;1
4819;375;1
4822;264;3
4823;322;3
4824;274;3
4825;472;4
4826;217;2
4827;234;2
4834;357;2
4835;522;1
4836;656;5
4837;626;2
4838;534;5
4839;625;5
4841;420;3
4844;319;4
4845;384;5
4847;441;4
4849;402;5
4851;518;4
4854;490;4
4855;443;5
4856;526;5
4858;633;5
4859;533;5
4861;385;5
4871;328;2
4872;269;2
4873;333;2
4874;340;3
4875;284;2
4876;307;2
4877;390;5
4878;-99997;5
4879;387;4
4881;320;4
4882;415;5
4884;313;5
4885;396;5
4891;412;5
4901;278;2
4902;280;2
4903;377;5
4904;306;3
4905;319;2
4906;372;4
4907;277;2
4908;290;3
4909;451;5
4911;525;5
4921;336;3
4924;420;5
4926;310;5
4927;340;5
4931;264;3
4941;294;3
4942;302;3
4944;364;5
5011;204;1
5012;265;2
5013;239;1
5014;234;1
5015;413;4
5017;321;1
5018;350;2
5021;219;1
5022;240;2
5025;209;1
5026;496;3
5032;457;3
5035;315;3
5036;394;3
5037;271;1
5038;233;1
5041;232;1
5042;205;1
5043;247;2
5044;222;2
5045;315;2
5046;221;1
5047;473;4
5048;726;4
5049;207;2
5051;340;3
5052;331;3
5053;407;4
5056;420;4
5057;362;3
5059;622;5
5061;327;3
5062;660;4
5063;347;3
5066;422;4
5071;398;4
5074;358;5
5076;398;5
5081;379;4
5084;426;5
5085;391;5
5087;396;5
5089;420;5
5091;405;5
5094;393;5
5095;414;5
5096;447;5
5101;258;3
5102;299;3
5103;322;3
5104;286;2
5105;485;5
5106;449;5
5107;817;5
5109;350;5
5111;349;5
5113;406;5
5114;494;5
5121;290;3
5122;315;3
5124;450;5
5125;526;5
5126;326;4
5131;369;5
5133;426;5
5141;295;2
5142;242;2
5143;324;2
5144;293;2
5145;533;5
5146;332;3
5151;330;3
5152;327;2
5154;413;5
5156;242;5
5157;409;5
5158;485;5
5161;316;4
5165;332;5
5171;306;3
5172;304;3
5175;326;4
5176;443;5
5211;381;1
5212;355;1
5213;275;1
5215;279;1
5216;358;2
5221;437;5
5222;309;3
5223;288;2
5224;244;2
5231;263;2
5232;610;3
5233;269;2
5234;321;3
5235;282;2
5236;419;4
5237;356;3
5241;382;2
5242;502;3
5243;389;2
5244;362;4
5245;415;4
5246;325;3
5247;383;3
5248;588;5
5249;555;5
5251;348;3
5252;309;3
5253;390;4
5254;441;5
5255;457;5
5256;349;5
5257;498;5
5258;403;4
5261;398;3
5262;359;2
5263;751;4
5264;620;4
5266;603;5
5268;404;5
5271;383;4
5272;305;4
5275;403;4
5281;321;3
5282;283;3
5283;311;3
5291;421;5
5292;610;5
5293;415;5
5294;587;5
5296;373;5
5298;424;5
5301;297;3
5302;325;3
5305;331;5
5306;314;5
5307;357;5
5308;303;5
5311;349;5
5313;348;5
5314;379;5
5315;405;5
5316;395;5
5317;343;5
5318;451;5
5321;355;4
5324;342;5
5325;370;5
5327;405;5
5328;347;5
5331;325;4
5333;449;5
5334;434;5
5335;333;5
5341;230;1
5342;297;2
5343;272;3
5344;231;2
5345;283;2
5346;306;2
5347;407;4
5348;227;2
5349;352;4
5351;355;4
5352;414;5
5353;449;5
5354;459;5
5355;443;5
5356;499;5
5357;392;5
5358;517;5
5359;482;5
5361;256;4
5363;428;5
5364;388;5
5366;321;5
5367;358;5
5368;382;5
5371;303;5
5373;336;5
5374;379;4
5375;396;5
5381;433;5
5382;369;5
5383;548;5
5384;359;4
5386;383;4
5388;375;4
5391;384;5
5392;413;5
5394;354;5
5395;497;5
5396;428;5
5397;339;5
5398;394;5
5401;265;2
5402;288;2
5403;311;3
5404;370;2
5405;253;4
5406;429;4
5408;363;5
5409;372;5
5411;378;5
5421;311;3
5422;343;4
5423;353;5
5424;401;5
5425;426;5
5427;341;4
5428;359;5
5431;241;3
5432;299;3
5433;378;4
5434;355;5
5435;383;5
5437;349;5
5438;363;5
5439;434;5
5441;330;5
5443;335;5
5445;368;5
5446;341;5
5447;346;5
5449;413;5
5451;317;5
5453;368;5
5454;315;5
5455;353;5
5461;282;2
5462;286;3
5463;281;3
5464;377;4
5465;447;5
5466;408;5
5467;298;2
5469;385;5
5471;486;5
5472;406;5
5473;387;4
5476;400;5
5481;354;3
5482;334;3
5491;406;4
5492;365;4
5501;283;2
5502;425;2
5503;318;2
5504;416;3
5505;343;2
5506;355;2
5507;526;4
5508;380;2
5509;432;2
5511;476;5
5512;424;5
5513;415;5
5521;376;4
5524;401;5
5525;408;5
5527;364;4
5528;420;5
5529;429;5
5531;350;4
5534;431;5
5541;361;4
5551;327;3
5552;284;2
5553;378;3
5554;327;2
5555;337;3
5556;492;5
5561;471;5
5563;391;5
5571;372;4
5575;363;5
5581;430;4
5582;436;4
5583;392;4
5591;397;4
5595;437;5
5611;338;1
5612;230;1
5613;385;1
5614;324;1
5615;358;1
5616;297;1
5617;297;1
5621;262;1
5622;269;1
5623;247;1
5624;304;2
5625;257;1
5626;493;4
5627;324;2
5628;286;1
5629;463;2
5631;404;2
5632;291;2
5633;588;4
5641;266;2
5642;279;2
5643;299;1
5644;407;2
5645;354;2
5646;435;2
5647;964;4
5651;379;2
5652;258;2
5653;275;2
5654;265;2
5655;344;3
5657;563;5
5658;422;3
5661;468;4
5662;337;3
5663;381;3
5664;293;2
5665;237;2
5666;300;2
5667;309;3
5671;395;3
5672;353;3
5673;416;3
5674;472;5
5681;556;5
5682;373;3
5683;327;2
5684;330;2
5685;422;3
5688;424;4
5689;421;4
5691;424;4
5692;417;4
5694;341;4
5701;188;1
5702;213;2
5703;196;2
5704;265;3
5705;212;2
5706;331;3
5707;324;2
5708;425;4
5709;294;3
5711;330;3
5712;363;4
5715;415;5
5721;348;3
5722;274;4
5724;509;5
5725;441;5
5731;375;4
5735;350;4
5737;375;5
5738;419;5
5741;308;4
5751;313;3
5752;452;5
5753;359;4
5754;338;3
5756;413;5
5757;352;5
5758;333;5
5759;340;5
5761;362;5
5763;378;5
5764;344;5
5766;315;5
5768;319;4
5801;256;3
5802;228;2
5803;248;3
5804;375;4
5807;300;5
5808;307;5
5809;328;5
5811;329;5
5812;356;5
5813;363;5
5814;376;5
5815;352;5
5816;382;5
5817;399;5
5821;285;5
5823;301;5
5824;347;5
5825;348;5
5826;390;5
5827;351;5
5831;272;3
5835;357;5
5836;318;5
5841;358;5
5843;359;5
5844;344;5
5845;310;5
5846;399;5
5851;293;5
5853;281;5
5854;259;4
5855;302;5
5856;316;5
5861;282;5
5862;304;5
5863;234;5
5864;289;5
5865;271;5
5866;313;5
5871;283;5
5872;298;5
5911;222;1
5912;229;2
5913;283;2
5914;207;2
5915;269;3
5916;372;4
5921;207;1
5922;178;2
5923;185;2
5924;202;2
5925;200;3
5926;390;4
5927;358;5
5928;311;4
5931;235;3
5932;195;4
5935;242;4
5941;303;5
5943;287;5
5944;320;5
5951;256;4
5953;239;4
5954;308;5
5961;286;3
5962;328;5
5963;300;5
5964;337;5
5966;305;5
5971;269;4
5973;304;5
5975;304;4
5976;307;5
5977;413;5
5981;268;4
5984;311;5
5985;314;5
5986;322;5
5987;353;5
5988;303;4
5991;298;4
5993;305;5
5995;292;5
6001;253;2
6002;283;4
6003;375;4
6004;242;3
6005;289;4
6006;274;3
6011;298;5
6012;346;5
6013;319;5
6014;265;5
6015;264;5
6017;275;5
6019;248;5
6021;316;4
6023;286;5
6024;300;5
6026;340;4
6027;395;5
6028;422;5
6029;445;5
6031;308;4
6034;334;5
6035;325;5
6037;325;5
6039;273;4
6041;270;2
6042;250;2
6043;189;2
6044;173;2
6045;208;3
6049;326;4
6051;253;4
6061;245;5
6063;243;5
6065;288;5
6067;262;5
6071;249;4
6074;264;5
6075;265;5
6077;262;5
6081;253;4
6082;290;5
6083;276;5
6085;278;5
6086;285;5
6088;297;5
6089;303;5
6091;332;5
6092;299;5
6093;271;4
6095;290;5
6096;293;5
6097;311;5
6099;286;5
6101;243;3
6102;286;4
6104;283;5
6105;328;5
6107;275;5
6109;305;5
6111;288;5
6112;312;5
6114;249;4
6116;265;5
6118;251;5
6121;255;4
6122;228;4
6123;240;5
6124;287;5
6125;247;5
6127;238;5
6129;247;5
6131;211;2
6132;310;3
6133;265;3
6134;185;3
6135;211;3
6136;198;2
6137;193;2
6141;263;4
6142;273;5
6143;249;5
6151;258;4
6153;371;5
6155;273;5
6161;168;2
6162;208;2
6163;174;3
6164;185;2
6165;198;2
6166;208;2
6167;495;5
6171;234;3
6174;345;5
6176;268;5
6181;256;4
6191;247;3
6211;280;1
6212;486;2
6213;343;2
6214;210;1
6215;236;2
6216;218;1
6217;205;1
6218;224;2
6219;220;3
6221;296;1
6222;198;3
6223;250;5
6224;210;1
6225;325;3
6226;297;2
6227;234;2
6228;243;2
6229;246;2
6231;272;4
6235;306;5
6237;294;5
6241;335;4
6243;307;5
6245;310;4
6247;310;5
6251;340;5
6252;357;5
6255;321;5
6261;333;5
6262;305;5
6265;324;5
6267;328;5
6268;392;5
6269;307;5
6271;255;4
6273;367;5
6274;335;5
6276;415;5
6277;358;5
6278;408;5
6281;286;5
6285;335;5
6286;278;5
6287;305;5
6289;328;5
6291;174;3
6294;261;5
6295;239;5
6301;262;4
6305;297;5
6307;327;5
6311;300;5
6312;304;5
6321;262;5
6325;297;5
6333;323;5
6336;293;5
6341;360;5
6342;347;5
6343;307;5
6351;205;4
6353;389;5
6361;232;4
6363;292;5
6365;268;5
6367;271;4
6369;219;4
6371;220;2
6372;202;2
6373;216;2
6374;216;3
6411;168;1
6412;151;2
6413;148;2
6414;140;3
6415;147;2
6416;224;2
6417;200;2
6418;193;2
6419;254;3
6421;170;2
6422;323;5
6431;151;2
6432;171;2
6433;173;3
6436;254;4
6438;264;4
6439;285;5
6441;168;2
6442;201;3
6443;162;2
6444;205;2
6445;187;3
6446;230;3
6447;263;5
6451;218;4
6454;256;5
6456;298;5
6461;175;2
6462;150;2
6463;148;2
6464;189;3
6465;156;4
6466;171;2
6467;197;2
6468;367;4
6469;153;4
6471;182;3
6511;289;1
6512;323;1
6515;410;4
6521;365;1
6522;516;2
6523;392;2
6524;451;1
6525;337;2
6531;350;1
6532;295;2
6533;292;2
6534;239;2
6535;217;2
6536;280;2
6537;206;2
6538;209;2
6541;306;1
6542;298;1
6543;290;2
6544;203;2
6545;246;2
6546;242;3
6551;313;5
6561;297;4
6562;289;4
6564;711;4
6566;240;4
6571;391;5
6572;328;5
6573;356;4
6574;424;4
6575;489;5
6576;293;5
6577;361;5
6578;255;5
6579;281;5
6581;345;3
6582;354;5
6584;347;4
6585;336;5
6586;445;5
6587;364;5
6591;257;4
6595;322;4
6596;344;5
6598;318;5
6599;348;5
6601;266;2
6602;352;2
6603;357;4
6604;365;4
6605;290;3
6606;431;5
6611;374;5
6612;367;5
6613;407;5
6615;455;5
6616;367;5
6617;392;5
6621;331;5
6624;318;5
6626;334;5
6627;328;5
6628;393;5
6629;363;5
6631;383;5
6634;348;5
6641;296;3
6642;426;3
6644;339;5
6645;355;5
6651;293;3
6652;353;4
6653;283;5
6654;351;5
6655;351;4
6657;346;5
6658;307;4
6659;324;5
6661;332;3
6662;342;3
6663;394;3
6665;316;5
6666;300;4
6668;329;5
6669;302;5
6671;311;4
6672;197;5
6673;334;5
6674;329;5
6675;344;5
6676;485;5
6677;385;5
6678;315;4
6681;346;4
6684;622;5
6685;313;5
6686;340;5
6687;340;5
6691;304;4
6701;320;2
6702;235;2
6703;445;3
6704;546;4
6705;814;5
6706;291;2
6707;233;1
6708;274;2
6709;193;2
6711;327;2
6712;316;1
6713;267;1
6714;215;1
6715;249;2
6716;295;3
6717;272;2
6718;401;4
6721;392;3
6731;384;5
6732;426;5
6733;419;5
6741;476;4
6744;458;5
6745;626;5
6811;228;1
6812;361;3
6813;418;3
6814;477;2
6815;353;4
6816;779;5
6821;302;1
6822;248;1
6823;229;2
6824;317;1
6825;200;2
6826;197;2
6827;214;2
6828;236;1
6831;165;2
6832;192;2
6833;221;2
6834;179;3
6835;230;2
6836;268;3
6841;217;2
6842;358;3
6843;215;2
6844;226;2
6845;237;2
6846;371;3
6851;326;3
6852;309;2
6861;398;4
6862;431;3
6865;294;4
6866;293;4
6869;383;5
6871;295;3
6874;391;5
6877;1965;5
6881;419;2
6882;205;1
6883;257;2
6891;614;4
6901;225;2
6902;305;4
6903;251;2
6904;225;2
6905;385;4
6909;279;5
6911;272;5
6913;358;5
6914;285;5
6915;205;4
6916;246;5
6917;214;5
6921;266;3
6922;299;3
6923;394;5
6924;398;5
6931;279;3
6932;245;3
6941;266;4
6942;254;3
6951;215;3
6952;258;3
6953;319;4
6955;384;5
6956;303;4
6957;371;5
6961;300;4
6964;428;5
6971;293;4
6974;363;5
6975;505;5
6981;254;4
6982;200;4
6983;277;4
6984;471;5
6986;346;5
6987;282;5
6988;417;5
6991;259;3
6994;327;5
6996;338;5
6997;431;5
6998;455;5
6999;342;5
7001;248;2
7002;186;2
7003;249;3
7004;340;5
7005;262;3
7006;242;3
7007;283;3
7008;348;4
7009;255;3
7011;257;4
7021;330;4
7025;361;5
7031;294;5
7035;287;5
7036;352;5
7037;280;5
7038;262;5
7039;317;5
7041;205;4
7044;354;4
7045;283;5
7046;450;5
7047;275;5
7048;388;5
7051;266;4
7054;354;5
7055;396;5
7061;232;4
7064;256;4
7065;404;5
7071;246;3
7075;310;5
7076;325;5
7077;360;5
7078;350;5
7081;256;4
7083;433;5
7084;362;5
7091;247;4
7095;360;5
7101;228;2
7102;224;3
7103;236;3
7104;360;5
7105;369;5
7106;336;5
7107;398;5
7108;375;5
7109;380;5
7113;349;5
7115;366;5
7119;380;5
7121;254;4
7122;289;4
7123;269;4
7126;236;5
7131;245;4
7132;309;4
7134;348;5
7135;286;5
7136;300;5
7137;324;5
7141;231;4
7142;362;5
7151;252;3
7152;321;4
7156;351;5
7157;399;5
7161;267;4
7165;360;5
7201;262;2
7202;312;3
7203;234;3
7204;198;2
7205;255;4
7206;213;3
7207;301;3
7211;353;5
7213;425;5
7214;507;5
7215;608;5
7216;515;5
7217;411;5
7218;408;5
7221;340;5
7223;367;5
7224;522;5
7225;359;5
7226;500;5
7227;385;5
7231;341;3
7232;277;3
7233;474;5
7234;409;5
7241;352;4
7242;254;3
7244;385;5
7245;420;5
7251;370;5
7255;330;5
7256;333;5
7261;342;4
7263;303;5
7271;273;4
7273;337;5
7274;410;5
7275;376;5
7311;241;1
7312;275;2
7313;749;4
7314;329;2
7315;352;2
7316;386;2
7317;306;3
7321;333;2
7322;265;2
7323;290;2
7324;386;4
7325;338;2
7326;244;2
7327;249;3
7328;219;2
7329;231;2
7331;229;1
7332;295;2
7333;229;2
7334;411;2
7335;275;2
7336;345;2
7339;399;4
7341;535;5
7345;559;5
7346;633;5
7348;416;5
7351;456;5
7352;526;5
7361;444;5
7364;437;5
7371;398;5
7381;429;5
7382;388;5
7383;329;5
7384;424;5
7391;342;4
7392;460;5
7395;377;5
7396;294;5
7397;437;5
7399;482;5
7411;279;1
7412;225;2
7413;222;1
7414;221;2
7415;211;2
7416;215;2
7417;191;2
7418;422;4
7419;295;3
7421;284;3
7422;241;2
7423;230;2
7424;323;3
7425;346;3
7426;325;5
7427;361;5
7428;461;5
7429;289;3
7431;432;4
7433;386;4
7434;393;5
7435;376;5
7437;370;5
7439;438;4
7441;395;3
7442;264;3
7443;319;4
7447;379;5
7448;378;5
7451;348;5
7461;299;3
7462;283;2
7463;371;4
7466;591;5
7467;508;5
7468;362;4
7471;246;4
7472;369;5
7475;354;5
7478;322;5
7481;292;3
7482;296;3
7483;380;3
7491;323;4
7495;419;5
7496;329;5
7497;351;5
7511;193;1
7512;223;1
7513;228;1
7514;277;1
7521;192;2
7522;229;3
7523;229;2
7524;459;5
7525;505;5
7531;260;2
7532;246;4
7533;211;1
7534;249;3
7535;303;2
7536;549;5
7541;246;2
7542;236;3
7543;215;1
7544;200;2
7545;206;1
7546;291;3
7547;327;4
7548;354;5
7551;234;1
7552;224;2
7553;210;2
7554;427;5
7555;258;2
7556;221;2
7557;196;2
7558;246;3
7559;364;4
7561;377;5
7562;283;5
7571;231;2
7572;254;2
7573;356;2
7574;232;4
7575;344;4
7576;242;3
7577;326;3
7581;270;3
7582;277;3
7585;356;5
7586;254;5
7587;396;5
7588;424;5
7591;295;4
7595;350;5
7596;385;5
7597;444;5
7601;181;2
7602;264;3
7603;264;3
7604;186;3
7605;142;1
7606;156;2
7607;224;2
7608;226;3
7609;267;3
7610;450;5
7611;334;5
7614;306;5
7615;374;5
7621;278;3
7622;279;2
7623;367;3
7625;382;5
7626;447;5
7627;386;5
7631;320;4
7634;364;5
7635;395;5
7636;546;5
7637;510;5
7638;493;5
7641;313;4
7642;319;4
7645;409;5
7651;324;4
7661;380;5
7662;399;5
7663;407;5
7664;403;5
7665;377;5
7666;400;5
7667;360;5
7668;425;5
7671;279;4
7672;309;4
7675;401;5
7676;243;5
7678;367;5
7679;358;5
7681;251;4
7683;319;5
7685;309;5
7686;370;5
7687;366;5
7688;386;5
7691;262;5
7692;290;5
7693;281;5
7694;264;5
7695;316;5
7696;373;5
7701;270;4
7702;302;4
7705;360;5
7707;307;5
7711;344;5
7715;377;5
7721;327;4
7722;423;5
7731;292;4
7732;449;5
7734;283;5
7735;481;5
7736;415;5
7737;410;5
7738;403;5
7739;409;5
7741;189;4
7742;226;4
7751;302;5
7753;231;5
7754;355;5
7755;349;5
7756;355;5
7761;229;5
7764;229;5
7765;239;5
7766;248;5
7771;239;4
7772;238;4
7773;326;4
7775;288;5
7776;254;5
7777;322;5
7778;370;5
7779;511;5
7781;341;5
7782;242;5
7783;241;5
7784;360;5
7785;504;5
7786;398;5
7787;415;5
7788;415;5
7791;365;5
7792;403;5
7793;327;5
7794;379;5
7795;317;5
7796;442;5
7797;379;5
7798;387;5
7811;200;3
7812;191;3
7813;318;5
7814;338;5
7815;163;3
7821;523;4
7822;255;3
7823;168;3
7824;151;3
7825;500;5
7826;267;5
7827;234;4
7828;314;5
7831;203;5
7833;228;4
7841;275;5
7842;449;5
7843;315;5
7844;198;4
7845;363;5
7846;372;5
7847;342;5
7848;234;5
7849;288;5
7851;333;5
7852;407;5
7853;324;5
7854;254;5
7855;358;5
7856;387;5
7858;354;5
7859;428;5
7861;273;5
7863;337;5
7864;341;5
7871;275;5
7872;282;5
7873;284;5
7874;344;5
7875;323;5
7876;212;5
7877;293;5
7881;204;5
7884;201;5
7885;245;5
7887;244;5
7889;318;5
7891;207;4
7892;360;5
7894;195;5
7895;256;5
7901;203;2
7902;184;2
7903;266;5
7904;177;3
7905;173;3
7906;166;2
7907;206;2
7908;257;3
7909;236;3
7910;431;5
7911;350;5
7912;285;5
7913;262;5
7914;258;5
7915;426;5
7916;248;5
7917;264;5
7918;257;5
7921;309;4
7924;363;5
7925;425;5
7926;324;5
7927;317;5
7928;-99997;5
7929;345;5
7931;358;5
7932;353;5
7933;260;5
7934;317;5
7935;460;5
7936;298;5
7937;349;5
7938;252;5
7941;233;2
7942;198;3
7943;257;4
7944;264;3
7946;300;5
7948;303;5
7949;355;5
7951;309;5
7954;322;5
7955;330;5
7957;302;5
7958;335;5
7961;322;5
7963;336;5
7964;406;5
7965;518;5
7966;408;5
7971;307;5
7973;349;5
7974;294;5
7975;333;5
7981;314;5
7983;388;5
7984;362;5
7985;415;5
7986;478;5
7991;347;5
8011;295;1
8012;268;1
8013;254;3
8014;287;2
8015;358;4
8016;330;2
8017;358;2
8019;541;4
8021;201;1
8022;197;1
8023;304;1
8024;415;4
8025;357;3
8026;470;5
8028;423;5
8031;202;2
8032;270;2
8033;293;3
8034;746;5
8035;562;5
8041;412;4
8042;322;3
8043;329;2
8044;404;4
8045;521;5
8051;348;4
8052;357;4
8055;374;5
8061;264;4
8064;241;4
8066;355;5
8071;335;3
8072;315;3
8075;407;5
8076;504;5
8077;460;5
8079;354;5
8081;292;4
8082;325;4
8084;296;4
8085;371;5
8091;316;4
8094;350;5
8095;352;5
8096;331;5
8097;388;5
8101;295;3
8102;293;3
8103;331;4
8105;355;5
8106;360;5
8107;344;5
8111;319;5
8112;325;5
8121;299;5
8124;379;5
8131;323;4
8141;323;4
8144;368;5
8146;412;5
8147;435;5
8148;369;5
8151;327;5
8152;328;5
8153;414;5
8154;427;5
8161;356;4
8162;366;4
8166;445;5
8167;416;5
8171;352;4
8172;259;4
8181;343;4
8191;330;5
8193;451;5
8194;397;5
8196;435;5
8198;602;5
8211;538;5
8212;278;4
8218;611;5
8219;492;5
8221;407;5
8222;618;5
8223;199;3
8224;209;2
8225;210;2
8226;253;2
8231;229;2
8232;220;2
8233;156;2
8239;109;4
8241;542;5
8242;270;3
8243;248;3
8244;314;4
8245;340;4
8251;263;3
8252;299;4
8253;335;4
8254;201;3
8255;267;4
8256;280;5
8261;205;2
8262;222;2
8263;368;4
8264;285;2
8265;249;2
8266;320;3
8267;377;4
8271;323;3
8274;312;5
8275;399;5
8276;406;5
8277;337;5
8278;451;5
8281;272;4
8291;-99997;5
8293;526;5
8294;397;5
8301;181;2
8302;294;3
8303;203;3
8304;219;4
8305;490;5
8307;278;5
8308;284;5
8309;309;5
8311;310;5
8312;310;5
8313;347;5
8314;316;5
8315;247;5
8316;274;5
8317;304;5
8319;-99997;5
8321;278;3
8322;318;3
8325;233;4
8326;317;5
8331;203;3
8332;262;4
8333;291;5
8334;315;5
8335;324;5
8336;435;5
8337;370;5
8338;310;5
8339;362;5
8341;254;5
8342;403;5
8343;305;4
8344;369;5
8345;411;5
8346;578;5
8347;354;5
8351;382;5
8355;395;5
8356;270;5
8361;429;5
8362;444;5
8363;522;5
8371;264;5
8372;419;5
8373;319;5
8374;241;5
8375;252;5
8376;288;5
8377;358;5
8378;422;5
8381;284;5
8382;370;5
8383;378;5
8384;209;5
8385;337;5
8386;461;5
8387;556;5
8388;330;5
8389;356;5
8391;227;5
8392;319;5
8393;410;5
8394;361;5
8395;287;5
8396;372;5
8397;250;5
8398;387;5
8401;239;4
8403;362;5
8404;319;5
8405;337;5
8406;297;5
8407;320;5
8408;311;5
8409;321;5
8411;269;5
8412;401;5
8413;409;5
8414;284;5
8415;394;5
8421;310;5
8422;366;5
8423;313;5
8424;352;5
8425;384;5
8426;262;5
8427;370;5
8428;396;5
8431;222;4
8432;360;5
8433;255;5
8434;299;5
8435;299;5
8437;326;5
8438;597;5
8439;519;5
8441;236;2
8442;185;2
8443;245;3
8444;275;4
8445;492;4
8446;206;2
8447;233;3
8448;357;4
8449;352;5
8451;223;5
8452;434;5
8453;521;4
8454;347;5
8455;437;5
8456;330;5
8457;430;5
8458;315;5
8459;324;5
8461;313;5
8462;381;5
8463;313;5
8464;283;5
8465;310;5
8466;326;4
8467;343;5
8468;318;5
8469;283;5
8471;211;3
8472;312;4
8474;323;5
8475;384;5
8476;397;5
8477;410;5
8478;406;5
8479;390;5
8481;361;5
8482;376;5
8483;293;5
8484;284;5
8485;306;5
8486;365;5
8487;400;5
8488;375;5
8489;270;5
8491;247;4
8493;352;5
8494;423;5
8495;253;5
8497;485;5
8501;232;3
8502;346;4
8503;448;5
8505;505;5
8506;304;5
8507;351;5
8508;345;5
8511;437;5
8512;679;5
8513;260;5
8514;399;5
8515;377;5
8516;393;5
8517;268;5
8521;258;5
8522;417;5
8523;261;5
8524;637;5
8525;304;5
8526;495;5
8527;431;5
8528;680;5
8529;408;5
8531;243;4
8532;414;4
8534;430;5
8535;425;5
8536;266;5
8537;268;5
8538;359;5
8539;259;5
8541;417;5
8542;338;5
8551;285;5
8552;566;5
8553;418;5
8554;440;5
8556;269;5
8561;249;4
8563;329;5
8564;405;5
8565;346;5
8566;346;5
8567;309;5
8571;432;5
8572;360;5
8573;444;5
8574;215;5
8581;346;5
8582;273;5
8583;299;5
8584;260;5
8601;257;2
8602;204;2
8603;265;2
8604;299;3
8605;216;2
8606;200;2
8607;255;3
8608;186;3
8611;285;5
8612;423;5
8613;290;5
8614;257;5
8615;257;5
8616;342;5
8617;351;5
8618;304;5
8621;285;5
8622;264;5
8623;301;5
8624;412;5
8625;286;5
8626;382;5
8627;283;5
8628;342;5
8629;283;5
8631;453;5
8632;346;5
8633;305;5
8635;290;5
8636;321;5
8637;272;5
8641;238;5
8642;324;5
8644;309;5
8647;256;5
8651;265;5
8658;319;5
8701;205;3
8702;317;4
8711;250;4
8713;241;5
8715;241;5
8721;260;5
8722;286;5
8723;260;5
8724;352;5
8731;239;5
8732;309;5
8733;351;5
8734;244;5
8735;256;5
8736;292;5
8737;320;5
8741;353;5
8742;287;5
8743;356;5
8744;272;5
8745;314;5
8746;290;5
8747;283;5
8748;219;5
8749;239;5
8751;187;5
8752;160;5
8753;373;5
8754;230;5
8755;353;5
8756;338;5
8757;284;5
8758;405;5
8759;265;5
8761;292;5
8762;373;5
8763;284;5
8764;272;5
8765;319;5
8771;273;5
8772;351;5
8773;277;5
8774;357;5
8775;311;5
8801;195;3
8802;211;4
8804;211;5
8805;230;5
8806;209;5
8807;223;5
8808;185;5
8809;294;5
8811;208;5
8812;227;5
8813;289;5
8814;283;5
8816;309;5
8821;239;5
8822;245;5
8823;253;5
8831;216;5
8832;277;5
8833;386;5
8834;276;5
8835;250;5
8841;256;5
8842;241;5
8843;234;5
8844;391;5
8845;333;5
8851;186;5
8852;337;5
8853;386;5
8854;193;5
8855;186;5
8856;268;5
8857;235;5
8861;213;3
8862;203;3
8871;343;5
8872;217;5
8881;360;5
8882;502;5
8883;581;5
8884;424;5
8885;446;5
8891;368;5
8892;476;5
8893;478;5
8894;566;5
8895;516;5
8896;439;5
8897;474;5
8899;328;5
8911;136;1
8912;381;4
8913;246;1
8914;250;2
8915;179;2
8916;201;1
8917;226;1
8918;147;2
8919;273;3
8921;160;1
8922;129;1
8923;159;2
8924;122;2
8925;249;3
8926;191;3
8927;497;4
8931;155;2
8932;170;1
8933;177;1
8934;203;1
8935;185;2
8936;155;2
8937;82;2
8938;386;4
8939;383;4
8941;356;5
9001;253;4
9003;230;5
9004;466;5
9005;254;5
9006;476;5
9007;278;5
9008;235;5
9009;362;5
9011;233;5
9012;274;5
9013;289;5
9014;265;5
9021;236;5
9022;292;5
9023;270;5
9024;220;5
9025;326;5
9026;408;5
9027;284;5
9031;234;5
9032;292;5
9033;239;5
9034;207;5
9035;241;5
9036;222;5
9037;327;5
9038;223;5
9041;208;5
9043;231;5
9044;212;5
9045;214;5
9047;201;5
9051;243;4
9053;317;5
9054;210;5
9055;223;5
9056;248;5
9057;273;5
9061;242;5
9062;220;5
9063;284;5
9064;281;5
9067;384;5
9071;230;5
9072;182;5
9073;222;5
9074;217;5
9075;168;5
9076;196;5
9077;209;5
9078;200;5
9079;181;5
9081;226;5
9082;457;5
9083;294;3
9084;352;4
9085;330;4
9086;487;5
9087;427;5
9088;253;5
9089;250;5
9091;335;5
9101;223;3
9102;257;4
9103;305;4
9104;249;4
9105;267;5
9106;424;5
9107;380;5
9108;267;5
9109;342;5
9111;239;5
9112;290;5
9113;292;5
9114;291;5
9121;339;5
9122;351;5
9123;195;5
9124;302;5
9125;269;5
9131;231;5
9132;235;5
9133;222;5
9134;210;5
9135;234;5
9136;212;5
9137;226;5
9138;240;5
9141;169;5
9142;181;5
9143;212;5
9144;274;5
9145;206;5
9146;364;5
9147;206;5
9148;362;5
9151;193;5
9152;271;5
9153;240;5
9154;351;5
9155;262;5
9156;339;5
9161;289;5
9162;330;5
9163;313;5
9164;340;5
9166;331;5
9171;225;5
9172;193;5
9173;304;5
9174;302;5
9175;332;5
9176;283;5
9177;355;5
9178;275;5
9201;181;2
9202;168;2
9203;213;2
9204;269;3
9205;224;4
9206;369;4
9207;286;3
9211;511;5
9212;294;5
9213;561;5
9214;523;5
9215;409;5
9216;300;5
9217;317;5
9218;298;5
9219;376;5
9221;270;5
9222;309;5
9223;272;5
9231;220;4
9233;268;5
9241;296;5
9243;-99997;5
9244;306;5
9245;321;5
9246;479;5
9247;283;5
9248;355;5
9249;298;5
9251;246;4
9254;227;4
9255;266;5
9256;275;5
9257;269;5
9258;272;5
9261;273;5
9262;258;5
9263;266;5
9264;280;5
9265;309;5
9269;251;5
9271;218;4
9281;236;5
9283;268;5
9284;243;5
9285;218;4
9286;227;5
9287;218;5
9288;210;5
9289;230;5
9291;230;4
9292;401;5
9293;239;5
9294;284;5
9295;267;5
9296;329;5
9297;295;5
9298;236;5
9299;254;5
9301;258;3
9302;326;4
9304;475;5
9305;353;5
9306;441;5
9307;300;5
9311;334;4
9312;353;4
9313;427;5
9314;477;5
9315;396;5
9321;358;5
9331;258;5
9333;462;5
9334;371;5
9335;513;5
9336;431;5
9337;467;5
9341;262;5
9342;285;5
9343;436;5
9351;253;4
9354;310;5
9355;426;5
9356;234;4
9359;391;5
9361;345;5
9362;303;5
9363;272;4
9364;313;5
9365;364;5
9366;353;5
9367;271;5
9401;240;2
9402;199;2
9403;271;3
9404;215;3
9405;270;4
9406;187;2
9407;197;3
9408;322;4
9409;442;5
9411;239;4
9412;300;5
9413;352;5
9414;297;5
9415;295;5
9416;238;5
9417;372;5
9418;279;5
9419;352;5
9421;238;5
9422;227;5
9423;243;5
9431;282;5
9432;367;5
9433;375;5
9434;410;5
9435;467;5
9436;336;5
9437;339;5
9438;368;5
9439;293;5
9441;355;5
9442;351;5
9443;376;5
9444;352;5
9445;465;5
9446;442;5
9447;520;5
9448;401;5
9449;361;5
9451;283;5
9452;449;5
9453;409;5
9454;375;5
9455;-99997;5
9456;506;5
9457;484;5
9458;474;5
9459;-99997;5
9461;283;4
9462;298;5
9463;315;5
9464;328;5
9465;395;5
9466;404;5
9467;372;5
9468;297;5
9469;443;5
9471;308;4
9472;285;5
9473;342;5
9474;334;5
9475;458;5
9479;484;5
9481;297;5
9482;331;5
9483;379;5
9484;407;5
9485;426;5
9486;478;5
9487;394;5
9488;425;5
9489;380;5
9491;351;5
9492;392;5
9493;396;5
9494;295;5
9495;503;5
9496;486;5
9497;404;5
9501;195;3
9502;203;4
9503;210;4
9511;259;5
9512;284;5
9514;209;5
9515;247;5
9521;200;5
9523;249;5
9524;281;5
9525;298;5
9526;350;5
9527;415;5
9528;304;5
9531;254;5
9533;348;5
9534;356;5
9535;366;5
9536;344;5
9537;416;5
9541;241;5
9545;256;5
9551;276;5
9561;214;4
9563;239;5
9564;195;5
9566;237;5
9571;215;5
9573;274;5
9574;286;5
9581;194;4
9584;256;5
9585;281;5
9591;249;5
9601;157;2
9602;146;2
9603;276;3
9605;245;5
9606;444;5
9607;150;5
9608;257;5
9609;219;5
9611;193;3
9613;453;5
9614;349;5
9615;222;5
9616;328;5
9617;298;5
9618;253;5
9619;252;5
9621;214;5
9622;333;5
9623;316;5
9624;395;5
9625;271;5
9626;252;5
9627;274;5
9628;222;5
9629;285;5
9631;266;5
9632;292;5
9633;281;5
9635;224;5
9636;220;5
9641;162;3
9642;165;3
9644;200;5
9645;148;3
9646;248;3
9648;215;4
9649;183;4
9651;219;5
9654;229;5
9655;312;5
9656;277;5
9657;336;5
9658;306;5
9659;209;5
9661;251;5
9663;180;5
9665;159;4
9671;194;2
9672;245;4
9673;189;3
9674;196;3
9675;208;3
9677;210;5
9678;248;5
9679;222;4
9681;216;5
9682;233;5
9684;196;5
9685;454;5
9686;183;5
9687;254;5
9688;171;5
9691;169;5
9693;144;5
9695;234;5
9696;262;5
9697;229;5
9698;265;5
9699;271;5
9711;240;1
9712;258;1
9713;212;1
9714;226;1
9715;189;1
9716;183;1
9717;256;1
9718;256;1
9721;270;1
9722;295;1
9723;318;2
9724;232;1
9725;239;1
9726;215;1
9727;274;1
9728;272;2
9731;300;2
9732;205;3
9733;188;3
9734;296;3
9735;415;3
9736;173;2
9737;191;2
9738;321;3
9741;195;1
9742;204;1
9743;196;1
9744;225;4
9745;249;4
9746;316;3
9747;309;3
9749;461;5
9751;419;3
9752;420;4
9753;305;4
9755;469;5
9756;518;5
9761;311;4
9765;348;4
9766;664;5
9771;238;5
9773;326;5
9774;264;5
9781;237;4
9784;346;5
9785;295;5
9791;231;4
9792;201;5
9793;245;5
9794;265;5
9795;237;5
9796;303;5
9797;314;5
9798;287;5
9801;281;4
9804;248;5
9805;340;4
9811;247;5
9812;286;5
9821;282;5
9822;239;5
9824;327;5
9825;387;5
9827;375;5
9828;277;5
9831;235;5
9832;295;5
9833;284;5
9841;-99997;5
9842;191;5
9843;224;5
9844;220;5
9845;207;5
9851;229;5
9852;251;5
9853;195;5
9861;229;5
9862;304;5
9863;286;5
9864;251;5
9865;295;5
9866;264;5
9871;178;5
9872;255;5
9873;204;5
9881;232;5
9882;176;5
9883;212;5
9884;299;5
9885;282;5
9886;229;5
9891;203;5
9892;287;5
9893;228;5
9901;182;3
9902;171;3
9903;245;4
9904;230;5
9905;201;5
9906;156;5
9907;247;5
9908;208;5
9909;193;5
9911;219;5
9912;237;5
9913;263;5
9914;222;5
9915;188;5
9917;235;5
9918;231;5
9919;194;5
9921;210;5
9922;245;5
9923;225;5
9924;-99997;5
9925;339;5
9931;149;3
9932;179;4
9933;143;4
9934;169;3
9936;141;4
9937;252;5
9939;283;5
9942;214;5
9943;212;5
9944;210;5
9945;176;5
9946;168;5
9947;192;5
9948;161;5
9949;202;5
9951;245;4
9953;187;5
9954;357;5
9955;262;5
9956;225;5
9957;294;5
9959;244;5
9961;247;5
9962;223;5
9963;216;5
9964;193;5
9965;193;5
9966;231;5
9967;201;5
9968;240;5
9969;212;5
9971;160;5
9972;249;5
9973;230;5
9974;171;5
9975;237;5
9976;170;5
9977;196;5
9978;270;5
9981;187;4
9982;192;5
9983;183;5
9984;211;5
9985;249;5
9986;226;5
9987;187;5
9988;197;5
9989;187;5
9991;187;5
9992;271;5
9993;298;5
9994;350;5
9995;182;5
9996;215;5
9997;219;5
9998;286;5
9999;270;5